﻿<?xml version="1.0" encoding="utf-8"?>
<?xml-stylesheet type="text/xsl" href="HH2.xslt"?>	<!--Powiązanie pliku XML z plikiem transformacji-->
<hypertext>
	<author>
		<name>Mateusz</name>
		<surname>Giedroyć </surname>
	</author>
	<definition>
		Hipertext is a nonlinear text material.
	</definition>
	<people>
		<person alive="no">
			<name>Vannevar</name>
			<surname>Bush</surname>
			<birth>1890</birth>
			<death>1974</death>
			<about>
				Vannevar Bush was a famous scientist in his days and was the science advisor to President Roosevelt during the Second World War, when science-based issues like inventing nuclear weapons were of great importance. After "As We May Think" ran in the Atlantic Monthly , it caused considerable discussion, and both Time and Life ran stories on the  Memex. Life even had an artist draw up illustrations of how the Memex would look and a scenario of its projection positions as the user was completing a link. Doug Engelbart,  who later became a pioneer in the development of interactive computing and invented the mouse, got part of his inspiration by reading Bush's article while waiting for a ship home from the Philippines in 1945. In spite of all this early interest surrounding the Memex it never got built. As hinted above, our current computer technology is still not able to support Bush's vision in its entirety. We do have computers with most of the Memex functionality but they are based on a completely different technology from the microfilm discussed by Bush.
			</about>
			<image source="img/Vannevar-Bush.jpg">Vannevar Bush</image>
			<link source="https://www.britannica.com/topic/Harvard-University">Vannevar Bush</link>
			<achievementList>
				<achievement n="1">
					<title>Memex - "memory extender"</title>
					<description>
						Bush described the Memex as "a sort of mechanized private file and library" and as "a device in which an individual stores his books, records, and communications, and which is mechanized so that it may be consulted with exceeding speed and flexibility." The Memex would store this information on microfilm, which would be kept in the user's desk. This desk was intended to have several microfilm projection positions to enable the user to compare different microfilms, in a manner very similar to the windows that became popular on personal computers more than forty years later. The Memex would have a scanner to enable the user to input new material, and it would also allow the user to make handwritten marginal notes and comments. But Bush envisaged that most of the Memex contents are purchased on microfilm ready for insertion. Books of all sorts, pictures, current periodicals, newspapers, are thus obtained and dropped into place. Business correspondence takes the same path. Actually we have not yet reached the state of hypertext development where there is a significant amount of preprocessed information for sale that can be integrated with a user's existing hypertext structure.
					</description>
					<image source="img/memex.jpg">Project of Memex</image>
				</achievement>
			</achievementList>		
		</person>
		<person alive="yes">
			<name>Tim</name>
			<surname>Berners-Lee</surname>
			<birth>1955</birth>
			<about>
				Sir Tim Berners Lee is an English computer scientist best known as the inventor of the World Wide Web. He is a Professorial Fellow of Computer Science at the University of Oxford and a professor at the Massachusetts Institute of Technology (MIT). Tim Berners-Lee proposed an information management system then implemented the first successful communication between a Hypertext Transfer Protocol (HTTP) client and server via the Internet.
			</about>
			<image source="img/Tim.jpg">Sir Tim Berners-Lee</image>
			<link source="https://www.britannica.com/biography/Tim-Berners-Lee">Sir Tim Berners-Lee</link>
			<achievementList>
				<achievement n="1">
					<title>HTML</title>
					<description>
						Hypertext Markup Language - The markup (formatting) language for the web.
					</description>
					<link source="https://www.w3schools.com/html/">HTML w3schools</link>
				</achievement>
				<achievement n="2">
					<title>URI</title>
					<description>
						Uniform Resource Identifier. A kind of "address" that is unique and used to identify to each resource on the web.
					</description>
				</achievement>
				<achievement n="3">
					<title>HTTP</title>
					<description>
						Hypertext Transfer Protocol. Allows for the retrieval of linked resources from across the web.
					</description>
				</achievement>
				<achievement n="4">
					<title>Browser</title>
					<description>
						A computer program with a graphical user interface for displaying and navigating between web pages.
					</description>
					<image source="img/browser.png">The first web page</image>
				</achievement>
			</achievementList>
		</person>
	</people>
	<systemList>
		<system>
			<name>HyperCard</name>
			<description>
				HyperCard was a powerful, yet extremely easy to use tool for creating “stacks” — essentially flat-file databases that used hyperlinks as a way of navigating a stack of “cards”.
			</description>
			<image source="img/hypercard.jpg">HyperCard system</image>
			<link source="https://hypercard.org/">HyperCard main webpage</link>
			<link source="https://www.youtube.com/watch?v=2K1C5BZKP3I">Why HyperCard was so f***ing Great!</link>
			<link source="https://eshop.macsales.com/blog/64930-hypercard-one-stack-at-a-time/">HyperCard</link>
		</system>
		<system>
			<name>World Wide Web</name>
			<description>
				The World Wide Web is a collection of linked resources and documents, connected by hyperlinks and URLs
			</description>
			<link source="https://www.w3schools.com/html/">HTML w3schools</link>
			<link source="https://www.w3.org/">World Wide Web Consortium</link>
		</system>
	</systemList>
</hypertext>